case_id,case_oriented_ratio,final_average_score,full_score_ratio,upload_times,average_complexity,classification
2061,0.127659574,71.18644068,0.893617021,59,5.978260869565216,1
2063,0.446808511,68.33325,0.574468085,40,3.0021276595744664,0
2064,0.34042553200000003,59.21052632,0.70212766,57,4.385106382978721,0
2065,0.574468085,67.96875,0.446808511,32,4.023404255319147,0
2067,0.043478261,69.84126984,0.956521739,63,3.482608695652172,1
2068,0.08510638300000001,58.44155844,0.957446809,77,2.6595744680851063,0
2069,0.021276596000000002,88.46153846,0.978723404,52,1.7255319148936148,1
2070,0.043478261,46.0,1.0,100,1.1934782608695658,2
2080,0.292682927,50.0,0.682926829,56,4.1769230769230745,0
2081,0.177777778,59.42028986,0.911111111,69,3.7533333333333303,0
2084,0.324324324,17.03947368,0.6756756759999999,152,8.473529411764709,2
2085,0.472222222,18.62745098,0.5277777779999999,102,12.138235294117651,2
2086,0.5277777779999999,33.96226415,0.5,53,11.95,4
2087,0.794117647,7.824936709,0.088235294,79,9.417857142857144,4
2088,0.857142857,15.0,0.071428571,18,10.407692307692308,4
2089,0.62962963,31.875,0.37037037,32,4.065384615384614,4
2090,0.846153846,30.76923077,0.076923077,13,3.441666666666668,4
2091,0.615384615,15.96774194,0.307692308,62,7.531818181818181,4
2093,0.063829787,81.48148148,0.9361702129999999,54,1.9234042553191493,1
2094,0.46666666700000003,55.68181818,0.5111111110000001,44,1.8181818181818183,0
2095,0.02173913,81.81818182,0.97826087,55,1.9152173913043469,1
2096,0.021276596000000002,85.45454545,1.0,55,0.7574468085106385,1
2097,0.288888889,55.078125,0.7333333329999999,64,2.4755555555555553,0
2098,0.130434783,49.39759036,0.891304348,83,2.376086956521738,0
2099,0.086956522,84.0,0.913043478,50,2.1608695652173906,1
2100,0.14893617,85.10638298,0.85106383,47,2.1255319148936165,1
2101,0.666666667,85.416875,0.30952381,16,4.654054054054053,1
2102,0.0,89.36170213,1.0,47,2.847368421052632,1
2103,0.615384615,13.94230769,0.23076923100000002,52,3.5190476190476185,4
2104,0.8666666670000001,11.50785714,0.066666667,28,2.5,4
2105,0.088888889,74.07407407,0.8888888890000001,54,1.7477272727272726,1
2106,0.10869565199999999,67.74193548,0.913043478,62,4.043478260869564,0
2107,0.522727273,87.5,0.477272727,24,2.7333333333333334,1
2108,0.065217391,77.19298246,0.956521739,57,2.0934782608695657,1
2109,0.02173913,77.58620690000001,0.97826087,58,0.7826086956521741,1
2110,0.456521739,66.66666667,0.565217391,39,1.7065217391304344,0
2111,0.152173913,65.59145161,0.869565217,62,1.5913043478260864,0
2112,0.022727273,86.0,0.977272727,50,1.133333333333333,1
2113,0.175,41.33333333,0.775,75,55.49736842105262,2
2114,0.177777778,85.18533333,0.8222222220000001,45,10.415555555555557,1
2115,0.790322581,8.046206897000001,0.032258065,58,20.922448979591838,4
2116,0.090909091,78.84615385,0.931818182,52,3.875,1
2117,0.295454545,93.93939394,0.704545455,33,3.484090909090909,1
2118,0.636363636,87.5,0.363636364,20,21.34102564102564,1
2119,0.409090909,79.41176471,0.613636364,34,2.756818181818182,1
2120,0.444444444,66.66675,0.577777778,40,2.665909090909091,0
2121,0.24444444399999998,53.87323944,0.8444444440000001,71,2.617777777777777,0
2122,0.42222222200000004,96.55172414,0.622222222,29,2.913333333333333,1
2123,0.477272727,85.18518519,0.522727273,27,9.73076923076923,1
2124,0.916666667,5.0,0.041666667000000004,20,9.921739130434778,4
2125,0.46153846200000004,52.0,0.5,25,14.5625,0
2126,0.093023256,69.64285714,0.9069767440000001,56,5.48139534883721,1
2127,0.041666667000000004,64.78873239,0.958333333,71,0.75,0
2128,0.0,83.01886792,1.0,53,1.5564102564102562,1
2129,0.023255814,75.0,0.9767441859999999,56,1.7564102564102564,1
2130,0.159090909,64.40677966,0.8636363640000001,59,1.1333333333333333,0
2131,0.275,80.55555556,0.725,36,1.1513513513513514,1
2132,0.0,74.54545455,1.0,55,10.402702702702703,1
2133,0.0,89.79591837,1.0,49,1.3333333333333333,1
2134,0.042553191,70.3125,0.957446809,64,0.772340425531915,1
2135,0.069767442,82.31285714,0.9302325579999999,49,1.3447368421052628,1
2136,0.023255814,85.71428571,0.9767441859999999,49,2.9894736842105263,1
2137,0.5,82.14285714,0.522727273,28,2.925641025641025,1
2138,0.302325581,83.78378378,0.7209302329999999,37,2.7394736842105267,1
2139,0.72,53.33333333,0.32,15,1.848,0
2140,0.56097561,34.4,0.39024390200000003,50,8.799999999999997,4
2141,0.066666667,69.35483871,0.955555556,62,1.7777777777777777,1
2142,0.093023256,36.79245283,0.88372093,106,4.2365853658536565,2
2145,0.069767442,75.47169811,0.9302325579999999,53,4.002325581395349,1
2146,0.7142857140000001,50.0,0.257142857,19,1.7218750000000005,0
2147,0.419354839,48.01583333,0.516129032,36,13.670370370370375,0
2148,0.806451613,12.68292683,0.129032258,41,15.396296296296294,4
2149,0.68627451,33.33361111,0.156862745,36,20.164285714285718,4
2150,0.814814815,16.5625,0.148148148,32,21.216666666666665,4
2151,0.857142857,25.71428571,0.16071428599999998,35,1.4945454545454544,4
2152,0.19718309899999997,66.28356322,0.8028169009999999,87,2.6362318840579704,0
2153,0.021978022000000003,55.625,0.978021978,160,1.4779069767441868,3
2154,0.363636364,90.32258065,0.636363636,31,0.9487179487179488,1
2155,0.095238095,77.08333333,0.880952381,48,6.0947368421052595,1
2156,0.097560976,88.09523809999999,0.9024390240000001,42,6.099999999999998,1
2157,0.166666667,72.44897959,0.833333333,49,5.921052631578947,1
2158,0.571428571,69.44444444,0.428571429,27,5.866666666666666,0
2159,0.024390244,85.10638298,0.975609756,47,5.8052631578947365,1
2160,0.069767442,81.37254902,0.953488372,51,2.6358974358974363,1
2161,0.0,91.66666667,1.0,48,0.7000000000000003,1
2162,0.035714286,45.3038674,0.976190476,181,1.0395348837209304,3
2163,0.069767442,47.61904762,0.9302325579999999,84,1.3976744186046508,0
2164,0.405405405,71.875,0.621621622,32,2.0324324324324325,1
2165,0.297297297,46.55172414,0.72972973,58,4.121621621621621,0
2166,0.611111111,23.60655738,0.38888888899999996,61,5.152941176470586,4
2167,0.793103448,56.0,0.24137931,25,1.819642857142856,0
2168,0.763636364,18.61111111,0.127272727,45,9.680851063829783,4
2169,0.113636364,59.70149254,0.9090909090000001,67,5.888636363636365,0
2171,0.04444444400000001,64.70588235,0.977777778,68,3.9599999999999986,0
2172,0.295454545,28.82352941,0.613636364,102,11.8175,2
2173,0.130434783,81.63265306,0.869565217,49,1.5869565217391308,1
2174,0.235294118,29.40298507,0.5,134,17.139999999999993,2
2175,0.46666666700000003,40.0,0.533333333,40,3.2931034482758617,4
2176,0.22962963,28.55227882,0.7555555559999999,373,4.237795275590549,5
2177,0.6764705879999999,39.62962963,0.264705882,27,2.2096774193548385,4
2178,0.346153846,48.11320755,0.628205128,106,3.0472222222222194,2
2179,0.291666667,85.0,0.708333333,40,2.5680851063829784,1
2180,0.546666667,17.33333333,0.32,165,3.50833333333333,2
2181,0.239130435,94.59459459,0.760869565,37,1.0739130434782609,1
2182,0.46666666700000003,61.53846154,0.533333333,39,4.5488888888888885,0
2183,0.17391304300000002,82.60869565,0.826086957,46,1.1369565217391302,1
2184,0.086956522,77.72727273,0.913043478,55,0.908695652173913,1
2185,0.260869565,51.92307692,0.695652174,65,3.6136363636363633,0
2186,0.130434783,78.84615385,0.891304348,52,1.4304347826086958,1
2187,0.023255814,69.39885246,0.9767441859999999,61,2.659459459459459,1
2188,0.352941176,47.82608696,0.647058824,46,3.5787878787878795,0
2189,0.5121951220000001,74.07407407,0.487804878,27,5.0777777777777775,1
2190,0.7692307690000001,18.55283019,0.051282050999999995,53,12.54375,4
2192,0.023809524,66.12903226,0.976190476,62,2.783783783783784,0
2193,0.333333333,42.7858209,0.642857143,67,4.097297297297296,0
2194,0.023809524,51.219512200000004,1.0,82,4.943243243243242,0
2195,0.146341463,70.0,0.853658537,50,4.2837837837837816,1
2196,0.6,23.41463415,0.257142857,41,3.246666666666667,4
2197,0.19512195100000002,86.875,0.8292682929999999,40,3.15,1
2198,0.552631579,9.879518072,0.184210526,83,3.5857142857142854,4
2199,0.575757576,16.04651163,0.363636364,86,4.548387096774194,2
2200,0.35897435899999997,39.20634921,0.58974359,63,7.155555555555555,0
2201,0.071428571,95.12195122,0.9285714290000001,41,3.3216216216216217,1
2202,0.4,54.34782609,0.6,46,3.3285714285714287,0
2203,0.5476190479999999,36.53846154,0.452380952,52,3.7365853658536574,4
2204,0.023809524,54.66666667,0.976190476,75,1.2216216216216211,0
2205,0.425,62.28078947,0.55,38,2.6441176470588243,0
2206,0.17073170699999998,79.54545455,0.853658537,44,2.2583333333333337,1
2207,0.595238095,68.05583333,0.35714285700000004,24,2.3657142857142857,0
2208,0.051282050999999995,25.87412587,0.9487179490000001,143,4.471052631578948,2
2209,0.8589743590000001,20.0,0.038461537999999997,25,2.873529411764705,4
2210,0.864864865,11.4479798,0.21621621600000002,99,10.47027027027027,2
2211,0.17857142899999998,62.34234234,0.7976190479999999,111,2.816216216216215,3
2212,0.826086957,88.88888889,0.17391304300000002,9,3.276086956521738,1
2213,0.870967742,15.38461538,0.129032258,26,2.4516129032258065,4
2214,0.093023256,62.90322581,0.9069767440000001,62,0.9534883720930236,0
2215,0.023809524,75.0,0.9285714290000001,52,2.1756756756756763,1
2216,0.18987341800000002,49.61538462,0.797468354,130,4.275609756097562,3
2217,0.682926829,77.77777778,0.341463415,18,1.7999999999999998,1
2218,0.0,65.625,0.9767441859999999,64,1.0157894736842106,0
2219,0.48837209299999995,58.33333333,0.48837209299999995,36,1.3526315789473689,0
2220,0.8888888890000001,12.5,0.037037037,10,10.516666666666664,4
2221,0.526315789,32.75862069,0.5,58,2.9315789473684206,4
2222,0.904761905,20.0,0.071428571,16,12.23658536585366,4
2223,0.047619048,49.79419753,0.9523809520000001,81,2.3864864864864868,0
2224,0.046511628,39.80582524,0.953488372,103,2.6627906976744184,2
2225,0.45,47.82608696,0.55,46,5.814999999999998,0
2226,0.348837209,75.0,0.627906977,36,4.334210526315789,1
2227,0.472222222,27.53623188,0.38888888899999996,69,3.158620689655172,4
2228,0.5121951220000001,69.791875,0.5121951220000001,32,4.80731707317073,1
2229,0.604651163,73.91304348,0.395348837,23,2.762790697674418,1
2230,0.28571428600000004,88.57142857,0.738095238,35,2.8105263157894727,1
2231,0.674418605,34.89583333,0.37209302299999997,48,5.9465116279069745,4
2232,0.9642857140000001,7.53902439,0.0,41,11.414814814814813,4
2233,0.7142857140000001,13.40216495,0.28571428600000004,97,6.74242424242424,2
2234,0.931034483,5.128205128,0.137931034,78,7.193103448275862,4
2236,0.794117647,20.42967742,0.147058824,31,15.912903225806453,4
2237,0.081081081,59.21052632,0.8918918920000001,57,1.9888888888888887,0
2238,0.14285714300000002,69.23076923,0.857142857,52,1.997619047619048,1
2240,0.571428571,62.12121212,0.452380952,33,2.8486486486486475,0
2241,0.097560976,74.0,0.9024390240000001,50,2.2609756097560987,1
2242,0.613636364,77.27272727,0.386363636,22,1.1659090909090908,1
2243,0.56097561,70.51269231,0.43902439,26,1.3725,1
2244,0.17073170699999998,53.96825397,0.8292682929999999,63,2.5,0
2245,0.318181818,93.75,0.681818182,32,2.743589743589743,1
2246,0.634146341,59.25925926,0.39024390200000003,27,2.4,0
2247,0.775,92.30769231,0.3,13,2.1925,1
2248,0.634146341,51.42857143,0.43902439,35,1.9,0
2249,0.1,59.01639344,0.9,61,3.325,0
2251,0.11627907,50.0,0.9302325579999999,80,2.3813953488372093,0
2252,0.955555556,16.66666667,0.0,3,4.365116279069769,4
2253,0.5625,46.66666667,0.40625,30,9.283333333333333,0
2254,0.364864865,47.01030928,0.567567568,97,7.016129032258062,2
2264,0.516129032,13.85826772,0.516129032,127,13.472413793103447,2
2265,0.642857143,34.84848485,0.321428571,33,5.973076923076923,4
2266,0.7241379309999999,17.15676471,0.137931034,34,7.548000000000001,4
2273,0.673076923,29.28571429,0.269230769,56,18.51739130434783,4
2277,0.435897436,35.06849315,0.58974359,73,5.551282051282049,2
2278,0.13636363599999998,74.50980392,0.8636363640000001,51,2.8159090909090905,1
2279,0.8888888890000001,31.2,0.088888889,25,5.8318181818181785,4
2280,0.022222222000000003,74.57627119,0.977777778,59,2.308888888888889,1
2281,0.0,60.56338028,1.0,71,3.4279069767441857,0
2282,0.146341463,73.46938776,0.87804878,49,5.186111111111108,1
2283,0.0,71.42857143,1.0,63,2.795555555555555,1
2284,0.097560976,50.26315789,0.9024390240000001,76,3.9611111111111112,0
2285,0.17073170699999998,85.0,0.8292682929999999,40,5.7333333333333325,1
2286,0.2,62.5,0.833333333,40,3.1333333333333333,0
2287,0.125,35.72815534,0.875,103,5.020512820512818,2
2288,0.481481481,53.57142857,0.481481481,28,5.6708333333333325,0
2289,0.814814815,23.0,0.111111111,20,4.555999999999999,4
2290,0.0,45.26315789,0.977272727,95,2.3139534883720936,2
2291,0.5,51.72413793,0.5,29,3.893333333333333,0
2292,0.382352941,67.1875,0.6176470589999999,32,5.2483870967741915,0
2293,0.0,87.5,1.0,48,1.4263157894736842,1
2294,0.20588235300000002,42.76923077,0.794117647,65,4.958064516129031,0
2295,0.39473684200000003,33.51351351,0.552631579,74,7.85,2
2296,0.36923076899999996,46.05263158,0.661538462,95,5.065573770491802,2
2297,0.911111111,17.14285714,0.04444444400000001,14,2.2093023255813957,4
2298,0.727272727,100.0,0.272727273,9,5.1033333333333335,1
2299,0.78125,30.66666667,0.125,15,5.665517241379311,4
2300,0.580645161,16.59090909,0.45161290299999995,88,3.9,2
2301,0.7857142859999999,46.666000000000004,0.107142857,10,9.540000000000003,4
2302,0.264705882,86.20689655,0.735294118,29,10.841935483870966,1
2303,0.457142857,25.30120482,0.6,83,2.291428571428572,2
2304,0.16883116899999998,31.21890547,0.805194805,201,12.353623188405795,3
2306,0.078947368,40.24390244,0.8684210529999999,82,12.9,2
2307,0.45833333299999995,60.22727273,0.541666667,44,4.430434782608695,0
2308,0.802631579,23.80959184,0.131578947,49,8.234328358208954,4
2309,0.552631579,30.43478261,0.526315789,69,10.956756756756755,4
2310,0.774193548,8.644067797,0.193548387,118,10.168965517241382,2
2311,0.441176471,19.35483871,0.352941176,93,4.0814814814814815,2
2312,0.8684210529999999,31.25,0.052631579000000005,20,3.7485714285714273,4
2313,0.7435897440000001,8.727272727,0.051282050999999995,110,10.406666666666668,2
2314,0.257142857,34.56790123,0.8,81,3.8171428571428585,2
2315,0.052631579000000005,69.01960784,0.921052632,51,4.0810810810810825,1
2317,0.17073170699999998,70.83333333,0.8292682929999999,48,1.6,1
2318,0.8235294120000001,8.746039604,0.117647059,101,3.5419354838709687,2
2319,0.186046512,47.43589744,0.860465116,78,6.7465116279069735,0
2320,0.2,32.0,0.8,100,2.3175000000000003,2
2323,0.727272727,52.8,0.272727273,25,1.2372093023255817,0
2325,0.630434783,44.61538462,0.326086957,39,1.2318181818181821,0
2327,0.090909091,48.7654321,0.8863636359999999,81,1.723255813953488,0
2328,0.093023256,38.095238099999996,0.9302325579999999,105,1.681395348837209,2
2333,0.159090909,33.15789474,0.8409090909999999,114,3.188636363636363,2
2334,0.488888889,50.0,0.488888889,50,2.3818181818181814,0
2335,0.050505050999999995,57.33333333,0.939393939,165,2.292682926829269,3
2337,0.5555555560000001,17.47572816,0.472222222,103,8.563636363636363,2
2338,0.608695652,62.93103448,0.36956521700000006,29,3.977272727272727,0
2339,0.112359551,65.43713115,0.8764044940000001,122,5.156976744186046,3
2340,0.25842696600000004,55.11811024,0.752808989,127,5.7337209302325585,3
2341,0.022727273,61.12676056,0.931818182,71,4.133333333333332,0
2342,0.045454545,41.58415842,0.954545455,101,3.7295454545454536,2
2344,0.022727273,60.2739726,1.0,73,2.2136363636363643,0
2345,0.13483146099999999,64.18735537,0.865168539,121,4.951136363636363,3
2346,0.090909091,62.12121212,0.931818182,66,10.795454545454543,0
2349,0.33823529399999996,68.65671642,0.6764705879999999,67,1.593333333333334,1
2351,0.64516129,19.3442623,0.290322581,61,3.460714285714286,4
2356,0.545454545,36.49122807,0.43181818200000005,57,5.895238095238095,4
2357,0.0,88.0,1.0,50,4.179545454545451,1
2358,0.022222222000000003,67.69230769,0.977777778,65,2.5755555555555563,0
2359,0.7333333329999999,80.0,0.26666666699999997,15,5.651111111111111,1
2365,0.045454545,56.0,0.954545455,75,4.672727272727271,0
2368,0.365853659,15.088757399999999,0.585365854,169,4.559459459459458,2
2369,0.139534884,46.19047619,0.88372093,84,3.567441860465116,0
2371,0.8222222220000001,40.0,0.177777778,20,3.8577777777777778,4
2372,0.046511628,48.25581395,0.953488372,86,8.594594594594593,0
2373,0.159090909,48.10126582,0.8409090909999999,79,4.437209302325582,0
2375,0.333333333,25.97938144,0.611111111,97,8.393333333333333,2
2376,0.7142857140000001,32.0,0.28571428600000004,45,3.4923076923076932,4
2378,0.318181818,34.02985075,0.666666667,134,6.5644067796610175,2
2383,0.655172414,27.14285714,0.172413793,28,5.604166666666665,4
2385,0.162790698,59.67741935,0.860465116,62,2.6790697674418618,0
2386,0.644444444,58.62068966,0.37777777799999995,29,5.62222222222222,0
2387,0.1484375,41.32462687,0.8515625,268,2.6775,5
2388,0.8444444440000001,100.0,0.15555555599999998,7,2.6755555555555555,1
2389,0.06818181799999999,56.94444444,0.931818182,72,3.359090909090909,0
2390,0.6176470589999999,15.51020408,0.41176470600000004,98,9.384848484848483,2
2391,0.657894737,100.0,0.342105263,13,4.091176470588233,1
2392,0.688888889,73.68421053,0.311111111,19,3.8466666666666662,1
2394,0.04444444400000001,53.01204819,0.977777778,83,3.5422222222222213,0
2395,0.04444444400000001,55.12820513,0.955555556,78,6.111111111111108,0
2396,0.15555555599999998,46.06741573,0.911111111,89,2.2600000000000007,0
2397,0.522222222,12.24137931,0.311111111,290,11.552083333333336,5
2399,0.341463415,23.57142857,0.585365854,105,12.392105263157895,2
2404,0.35135135100000003,45.19230769,0.540540541,52,9.73333333333333,0
2405,0.666666667,60.0,0.303030303,18,14.268965517241385,0
2406,0.75,21.54512195,0.1,41,8.197959183673468,4
2412,0.8,33.33344828,0.228571429,29,2.6121212121212127,4
2415,0.566666667,44.81481481,0.38333333299999994,54,4.129090909090906,0
2423,0.7777777779999999,38.46153846,0.222222222,26,3.6488888888888886,4
2424,0.022222222000000003,75.84745763,0.977777778,59,3.5422222222222213,1
2425,0.022222222000000003,67.1641791,1.0,67,3.4377777777777774,0
2426,0.0,93.75,1.0,48,3.026666666666667,1
2427,0.609756098,69.56521739,0.39024390200000003,23,3.870270270270269,1
2428,0.0,63.63636364,1.0,66,3.854054054054053,0
2429,0.146341463,86.5,0.8292682929999999,40,2.9285714285714284,1
2430,0.857142857,82.5,0.14285714300000002,8,5.0394736842105265,1
2431,0.272727273,35.0,0.727272727,72,6.3344827586206875,2
2432,0.375,52.91666667,0.6,48,5.628571428571429,0
2433,0.075268817,52.48447205,0.9032258059999999,161,4.384523809523809,3
2434,0.810810811,43.47826087,0.162162162,23,5.115625,4
2435,0.05,86.36363636,0.95,44,2.3277777777777784,1
2436,0.042553191,68.18181818,0.957446809,66,5.704999999999999,0
2437,0.256410256,30.96774194,0.7179487179999999,93,3.375675675675676,2
2438,0.0,67.14285714,1.0,70,1.1574468085106389,0
2439,0.31884058,53.44827586,0.6521739129999999,87,4.853225806451612,0
2440,0.014925373,72.96703297,0.985074627,182,1.0343749999999985,3
2441,0.022727273,78.89908257,0.977272727,109,1.0556818181818175,3
2442,0.37226277399999996,69.6875,0.613138686,128,1.5341176470588225,3
2443,0.113636364,66.89655172,0.8636363640000001,58,4.586486486486487,0
2444,0.487603306,36.97321839,0.520661157,174,3.5237499999999984,3
2445,0.7446808509999999,26.91358025,0.212765957,81,2.145121951219512,2
2446,0.7894736840000001,40.0,0.15789473699999998,18,3.936363636363637,4
2447,0.11904761900000001,56.06060606,0.880952381,66,1.2619047619047619,0
2448,0.272727273,57.54385965,0.704545455,57,2.916216216216216,0
2449,0.593406593,48.93153846,0.406593407,78,1.9867469879518076,0
2450,0.21739130399999998,54.37037037,0.760869565,135,3.917073170731708,3
2451,0.28571428600000004,73.04347826,0.725274725,92,3.0759036144578302,1
2453,0.533333333,72.41379309999999,0.46666666700000003,29,3.2044444444444435,1
2454,0.533333333,44.0,0.488888889,50,2.1688888888888886,0
2455,0.253521127,39.54198473,0.7183098590000001,131,4.816923076923077,2
2456,0.032258065,74.42622951,0.967741935,122,2.030588235294116,3
2457,0.588235294,57.63875,0.382352941,24,3.4466666666666663,0
2458,0.37142857100000004,62.35294118,0.571428571,34,3.887096774193548,0
2459,0.324324324,47.16981132,0.648648649,53,6.684374999999998,0
2460,0.212121212,77.14285714,0.818181818,35,6.846666666666668,1
2461,0.428571429,66.07594937,0.571428571,79,2.4571428571428555,0
2462,0.568181818,28.0,0.409090909,80,2.1714285714285717,2
2463,0.6,44.28571429,0.4,56,2.8466666666666667,0
2464,0.21111111100000002,73.06930693,0.8,101,3.0597560975609737,3
2465,0.311111111,56.20689655,0.7111111109999999,58,2.335555555555556,0
2466,0.152173913,70.17543859999999,0.869565217,57,4.997826086956521,1
2467,0.010752688,82.20720721,0.9784946240000001,111,1.7882352941176465,3
2468,0.0,53.48837209,0.978723404,86,3.169230769230768,0
2472,0.744186047,55.65217391,0.27906976699999997,23,3.8604651162790686,0
2474,0.177777778,57.69230769,0.8222222220000001,65,5.1886363636363635,0
2477,0.780487805,37.5,0.219512195,26,1.748780487804878,4
2478,0.0,68.0,0.977777778,65,0.6795454545454546,0
2479,0.045454545,25.598802399999997,0.954545455,167,4.909523809523806,2
2480,0.0,57.33333333,1.0,75,3.0255813953488366,0
2481,0.06818181799999999,78.84615385,0.931818182,52,2.8431818181818187,1
2482,0.260869565,49.57746479,0.739130435,71,5.34782608695652,0
2488,0.159090909,51.16883117,0.8863636359999999,77,1.5976744186046512,0
2489,0.296703297,77.43902439,0.692307692,82,2.3166666666666647,1
2490,0.011363636000000002,72.5,0.9886363640000001,120,1.645121951219512,3
2491,0.023255814,81.37254902,0.953488372,51,1.7270270270270274,1
2492,0.342857143,55.6097561,0.628571429,41,4.321875,0
2493,0.380952381,77.14285714,0.642857143,35,1.25,1
2494,0.037313433,86.57718121,0.962686567,149,1.9658914728682129,3
2495,0.35,51.85185185,0.7,54,5.0777777777777775,0
2496,0.27906976699999997,46.37681159,0.697674419,69,1.6560975609756106,0
2498,0.02173913,78.57142857,0.956521739,56,2.2066666666666674,1
2499,0.3,23.30708661,0.675,127,2.1000000000000014,2
2500,0.23595505600000002,45.83333333,0.7415730340000001,144,2.1580246913580243,3
2501,0.14285714300000002,79.16666667,0.904761905,48,1.995238095238096,1
2502,0.113636364,32.75862069,0.818181818,116,2.2324999999999995,2
2503,0.447368421,20.16528926,0.6315789470000001,121,3.5675675675675667,2
2504,0.090909091,37.73584906,0.9090909090000001,106,1.2840909090909087,2
2505,0.130434783,57.02702703,0.869565217,74,1.9204545454545452,0
2506,0.164835165,51.39240506,0.89010989,158,2.284523809523808,3
2508,0.35897435899999997,34.16666667,0.58974359,72,4.6166666666666645,2
2511,0.58974359,33.19148936,0.35897435899999997,47,4.145945945945945,4
2512,0.463414634,88.46153846,0.56097561,26,5.217073170731707,1
2513,0.045454545,70.0,0.9659090909999999,122,1.67125,3
2514,0.428571429,63.61445783,0.571428571,83,1.9869047619047608,0
2515,0.045454545,78.18181818,0.977272727,55,4.14736842105263,1
2516,0.06818181799999999,74.44444444,0.9090909090000001,54,3.8891891891891888,1
2517,0.022727273,81.92307692,0.954545455,52,3.791891891891892,1
2520,0.113636364,51.51506494,0.8863636359999999,77,2.2047619047619045,0
2522,0.022222222000000003,58.2781457,0.977777778,151,2.5321428571428566,3
2523,0.034482759,69.91525424,0.942528736,118,4.785,3
2525,0.051282050999999995,64.14571429,0.961538462,119,3.373529411764706,3
2526,0.24,31.048387100000003,0.71,248,2.0902439024390245,5
2527,0.113821138,48.26086957,0.8861788620000001,230,4.507407407407407,5
2528,0.0,71.81966184,0.9932885909999999,207,0.52,3
2530,0.011494253000000001,59.31034483,0.988505747,145,2.473333333333334,3
2531,0.022988506000000002,69.91869919,0.988505747,123,1.928888888888889,3
2533,0.0,53.40101523,0.990566038,197,1.469230769230769,3
2534,0.019047619,68.66666667,0.9809523809999999,150,1.5488888888888892,3
2535,0.151315789,72.88135593,0.8355263159999999,177,1.5678571428571424,3
2536,0.03125,49.16317992,0.890625,239,3.788571428571428,5
2537,0.066666667,60.0,0.933333333,70,0.9488888888888894,0
2538,0.12621359199999999,59.61290323,0.893203883,155,3.089473684210527,3
2539,0.009803922,74.51851852,0.9313725490000001,135,2.952631578947369,3
2541,0.041237113,64.28571429,0.9175257729999999,140,7.772222222222222,3
2542,0.0,79.78723404,0.993377483,188,2.19036144578313,3
2543,0.135135135,82.05128205,0.864864865,39,3.6764705882352953,1
2546,0.113636364,66.66666667,0.9090909090000001,60,1.0636363636363628,0
2547,0.21739130399999998,61.58730159,0.826086957,63,5.26222222222222,0
2548,0.27906976699999997,41.219512200000004,0.7209302329999999,82,5.60238095238095,2
2550,0.341463415,76.57142857,0.634146341,35,4.215000000000002,1
2551,0.365853659,100.0,0.634146341,26,4.153658536585366,1
2552,0.45,36.75217949,0.7,78,4.712820512820513,2
2553,0.514285714,24.81012658,0.542857143,79,3.3294117647058834,2
2554,0.2,47.164179100000005,0.75,67,4.284210526315789,0
2555,0.14285714300000002,63.15789474,0.857142857,57,4.119047619047619,0
2556,0.7560975609999999,50.52631579,0.17073170699999998,19,3.947368421052632,0
2558,0.666666667,50.0,0.355555556,32,6.828888888888887,0
2561,0.0,74.59016393,0.97826087,61,5.619999999999997,1
2562,0.071428571,35.71428571,0.9523809520000001,112,12.245945945945945,2
2563,0.56097561,19.24402062,0.43902439,97,3.3292682926829267,2
2564,0.659574468,51.42857143,0.38297872299999997,35,4.982500000000001,0
2565,0.097560976,35.14018692,0.9024390240000001,107,2.68,2
2566,0.179487179,40.22988506,0.897435897,87,3.597435897435897,2
2572,0.365853659,24.81481481,0.609756098,108,4.012820512820512,2
2575,0.1,68.51851852,0.925,54,2.26,0
2576,0.6190476189999999,30.32786885,0.428571429,61,2.1023809523809525,4
2578,0.10869565199999999,58.22226667,0.913043478,75,2.010810810810811,0
2579,0.166666667,56.45161289999999,0.80952381,62,2.555555555555556,0
2584,0.23636363600000002,81.55339806,0.763636364,103,5.460416666666666,3
2589,0.456521739,71.05263158,0.586956522,38,1.8456521739130436,1
2592,0.31707317100000004,45.16129032,0.658536585,62,2.82051282051282,0
2593,0.897435897,7.3170731710000005,0.076923077,41,12.163157894736841,4
2597,0.951219512,12.12090909,0.0,11,9.243589743589745,4
2601,0.456521739,75.75757576,0.543478261,33,1.933333333333333,1
2602,0.021276596000000002,85.45454545,1.0,55,3.7125,1
2603,0.770833333,23.55555556,0.166666667,45,3.0444444444444456,4
2604,0.304347826,55.93220339,0.7173913040000001,59,1.905128205128205,0
2606,0.202797203,57.94871795,0.755244755,195,2.6733333333333342,3
2607,0.347826087,46.15384615,0.630434783,65,4.502272727272726,0
2610,0.239130435,44.94117647,0.7826086959999999,85,4.875555555555555,0
2614,0.043478261,68.18181818,0.97826087,66,4.336956521739127,0
2615,0.214285714,77.77777778,0.833333333,45,11.819047619047618,1
2617,0.28571428600000004,71.01456522,0.761904762,46,3.5238095238095224,1
2618,0.75,61.11111111,0.275,18,2.3775000000000004,0
2629,0.58974359,47.14285714,0.41025641,35,3.452631578947368,0
2630,0.22727272699999998,22.94520548,0.704545455,146,9.785365853658538,2
2634,0.04444444400000001,57.14285714,0.922222222,147,2.564197530864197,3
2635,0.43181818200000005,48.14814815,0.568181818,54,2.420930232558139,0
2637,0.222222222,40.6741573,0.8,89,1.643181818181818,2
2639,0.09638554199999999,47.02380952,0.951807229,168,2.852380952380953,3
2641,0.46511627899999997,63.68421053,0.48837209299999995,38,2.790243902439025,0
2642,0.15,44.8,0.8,75,2.7135135135135138,0
2643,0.047619048,65.24590164,0.9285714290000001,61,3.5341463414634138,0
2644,0.8292682929999999,37.17961538,0.219512195,26,3.275609756097561,4
2645,0.047619048,66.10169492,0.9285714290000001,59,2.3536585365853657,0
2647,0.441860465,60.99276596,0.651162791,47,2.6953488372093015,0
2651,0.048780488,92.85714286,0.951219512,42,2.855555555555556,1
2653,0.05,93.75,0.925,40,1.4558823529411764,1
2655,0.261904762,83.78378378,0.738095238,37,2.113513513513514,1
2656,0.5476190479999999,73.07692308,0.452380952,26,4.562162162162162,1
2658,0.35,81.25,0.65,32,4.502857142857142,1
2659,0.0,95.34883721,1.0,43,0.6861111111111109,1
2661,0.292682927,87.87878788,0.707317073,33,3.097222222222223,1
2662,0.682926829,100.0,0.31707317100000004,13,2.575,1
2663,0.0,88.70967742,1.0,62,1.0,1
2665,0.175,91.66666667,0.825,36,2.9972222222222213,1
2666,0.018867925,63.29113924,0.943396226,79,0.5,0
2667,0.097560976,67.24137931,0.951219512,58,0.908333333333333,0
2668,0.048780488,92.85714286,0.951219512,42,1.8416666666666663,1
2669,0.024390244,67.79661017,0.975609756,59,2.961111111111112,0
2671,0.175,91.66666667,0.825,36,3.4028571428571435,1
2672,0.0,83.87096774,0.981132075,62,0.5,1
2673,0.425,90.0,0.55,25,2.76,1
2675,0.0,89.58333333,1.0,48,1.4627906976744192,1
2676,0.023809524,51.219512200000004,1.0,82,2.042857142857144,0
2677,0.12195122,82.22222222,0.9024390240000001,45,2.651219512195121,1
2679,0.634146341,53.33333333,0.39024390200000003,30,2.5,0
2680,0.384615385,59.30232558,0.641025641,43,2.1871794871794874,0
2681,0.047619048,75.0,0.9523809520000001,54,2.1714285714285717,1
2682,0.243902439,33.16326531,0.7560975609999999,98,2.4125000000000005,2
2683,0.23076923100000002,32.63157895,0.7692307690000001,95,4.9763157894736825,2
2684,0.205128205,49.18032787,0.7692307690000001,61,4.024324324324326,0
2685,0.024390244,66.66666667,0.975609756,60,1.758536585365854,0
2686,0.36842105299999994,29.67032967,0.7105263159999999,91,6.457894736842102,2
2687,0.3,52.72727273,0.725,55,3.4749999999999988,0
2688,0.073170732,64.97169492,0.926829268,59,4.156097560975609,0
2689,0.131578947,71.73913043,0.8684210529999999,46,4.0210526315789465,1
2692,0.04444444400000001,59.15492958,0.922222222,142,3.7790123456790115,3
2701,0.45112782,50.53191489,0.511278195,141,10.275,3
2702,0.43902439,24.53703704,0.634146341,108,5.885365853658537,2
2710,0.289156627,55.42857143,0.6987951809999999,105,5.172727272727271,0
2718,0.13218390800000002,45.46349112,0.844827586,338,5.51341463414634,5
2729,0.08791208800000001,63.66412214,0.9120879120000001,131,2.6325000000000003,3
2737,0.0067567569999999995,72.039801,0.972972973,201,3.3875,3
2738,0.084210526,70.16129032,0.9157894740000001,124,7.315789473684213,3
2739,0.0,73.52248227,0.990384615,141,2.9410256410256417,3
2740,0.06185567,80.53097345,0.93814433,113,2.5,3
2741,0.08666666699999999,72.10526316,0.906666667,190,4.409302325581394,3
2747,0.648648649,39.53125,0.310810811,64,3.267142857142857,0
2773,0.106382979,40.66985646,0.9042553190000001,209,8.235714285714286,3
2783,0.25531914899999997,49.85915493,0.6808510640000001,71,5.571794871794871,0
2784,0.642857143,52.66666667,0.30952381,30,4.682857142857143,0
2785,0.7555555559999999,46.66666667,0.2,24,3.8868421052631583,4
2786,0.35714285700000004,44.11764706,0.7142857140000001,68,2.4837837837837844,0
2787,0.219512195,72.39130435,0.804878049,46,3.694444444444444,1
2788,0.162790698,53.802816899999996,0.837209302,71,3.5297297297297296,0
2789,0.204081633,53.88888889,0.775510204,72,6.32978723404255,0
2790,0.54,53.02325581,0.44,43,5.677551020408162,0
2791,0.58,64.70588235,0.44,34,1.7619999999999998,0
2792,0.522727273,54.28571429,0.5,42,2.0641025641025648,0
2793,0.604651163,21.65093458,0.418604651,107,2.097297297297298,2
2794,0.659574468,88.42105263,0.34042553200000003,19,2.204347826086956,1
2795,0.68,40.26315789,0.26,38,3.2744680851063834,4
2796,0.181818182,57.74193548,0.795454545,62,2.508108108108108,0
2797,0.75,91.66666667,0.25,12,5.076315789473684,1
2798,0.545454545,48.29268293,0.363636364,41,3.6282051282051273,0
2799,0.7959183670000001,18.93617021,0.10204081599999999,47,4.406818181818182,4
2800,0.0,92.59259259,1.0,54,1.3660000000000003,1
2801,0.772727273,82.72727273,0.159090909,11,2.8789473684210534,1
2802,0.4,60.78431373,0.62,51,2.182000000000001,0
2803,0.882352941,43.33333333,0.078431373,12,2.0938775510204084,4
2804,0.019230768999999998,44.24778761,0.961538462,113,0.9529411764705884,2
2805,0.176470588,41.10091743,0.8039215690000001,109,1.2800000000000002,2
2806,0.02,55.45454545,0.96,88,2.040816326530612,0
2807,0.30612244899999996,87.5,0.7142857140000001,40,1.9612244897959172,1
2808,0.571428571,65.58823529,0.44897959200000004,34,1.4448979591836737,0
2809,0.18367346899999998,76.92307692,0.816326531,52,1.8387755102040813,1
2810,0.41304347799999996,45.3125,0.586956522,64,4.2340909090909085,0
2811,0.615384615,50.26315789,0.346153846,38,1.75,0
2812,0.235294118,60.57142857,0.8039215690000001,70,1.3299999999999996,0
2813,0.10204081599999999,32.6119403,0.7959183670000001,134,3.5704545454545458,2
2814,0.10204081599999999,38.84297521,0.959183673,121,2.020408163265307,2
2815,0.127906977,40.3125,0.872093023,192,4.705128205128204,3
2816,0.408163265,76.66666667,0.591836735,39,1.272916666666667,1
2817,0.734693878,65.0,0.22448979600000002,20,1.6765957446808508,0
2818,0.0,63.625,0.980392157,80,1.4639999999999995,0
2819,0.1,38.08411215,0.855555556,214,6.6,3
2820,0.19607843100000003,76.03773585,0.784313725,53,1.442,1
2821,0.019607843,72.46376812,0.980392157,69,2.4745098039215674,1
2822,0.833333333,40.95238095,0.125,21,3.88695652173913,4
2823,0.0,27.84615385,0.947368421,130,2.1,2
2824,0.0,58.55072464,0.975609756,69,2.1,0
2825,0.568627451,71.25,0.431372549,32,2.390196078431373,1
2826,0.12244898,51.57303371,0.918367347,89,1.885416666666667,0
2827,0.0,62.19512195,1.0,82,0.8470588235294116,0
2828,0.040816327,79.66101695,0.959183673,59,1.5204081632653064,1
2829,0.56,51.11111111,0.46,45,0.9519999999999998,0
2830,0.024390244,55.63380282,0.951219512,71,0.1,0
2831,0.023809524,66.22950820000001,0.9523809520000001,61,0.1,0
2832,0.0,53.11688312,0.9523809520000001,77,0.1,0
2833,0.84,48.75,0.14,16,1.0734693877551016,4
2834,0.0,65.16129032,0.951219512,62,1.4,0
2835,0.023809524,33.68421053,0.857142857,114,1.0,2
2836,0.023809524,40.20408163,0.857142857,98,2.1,2
2837,0.0,45.77777778,0.976190476,90,0.1,0
2838,0.0,55.0,0.9523809520000001,74,0.1,0
2839,0.8,90.90909091,0.2,11,1.5419999999999998,1
2840,0.0,65.71428571,0.976190476,63,0.5,0
2841,0.022727273,82.69230769,0.977272727,52,0.5,1
2842,0.027027027000000002,49.16666667,0.9459459459999999,72,1.4,0
2843,0.0,54.07894737,0.9523809520000001,76,0.5,0
2844,0.0,27.81690141,0.880952381,142,1.0,2
2845,0.023809524,30.0,0.80952381,126,0.1,2
2846,0.4,68.66666667,0.6,45,1.2940000000000005,0
2847,0.26,90.24390244,0.74,41,0.6139999999999999,1
2848,0.023809524,38.095238099999996,0.880952381,105,0.5,2
2849,0.023809524,69.15254237,0.9523809520000001,59,0.5,1
2850,0.0,35.0,0.9523809520000001,116,1.0,2
2851,0.0,76.66666667,0.976190476,54,0.1,1
2852,0.025,48.48101266,0.95,79,1.0,0
2853,0.023809524,77.69230769,0.9523809520000001,52,1.0,1
2854,0.023809524,33.30578512,0.9523809520000001,121,1.8,2
2855,0.023809524,53.50881579,0.9523809520000001,76,8.2,0
2856,0.0,62.66666667,1.0,75,8.2,0
2857,0.0,12.52631579,0.825,285,8.2,5
2858,0.023809524,75.8490566,0.9523809520000001,53,1.0,1
2859,0.023809524,28.91304348,0.857142857,138,1.7,2
2860,0.022727273,75.43859649,0.977272727,57,1.7,1
2861,0.023809524,65.90163934,0.9285714290000001,61,0.1,0
2862,0.020408163,88.88888889,0.9795918370000001,54,0.9,1
2863,0.023809524,58.4057971,0.9523809520000001,69,0.1,0
2864,0.025,25.89552239,0.775,134,0.9,2
2865,0.0,52.82051282,0.976190476,78,1.0,0
2866,0.0,45.16483516,0.976190476,91,2.6,2
2867,0.023809524,77.69230769,0.9523809520000001,52,2.6,1
2868,0.0,64.21875,0.976190476,64,0.5,0
2869,0.0,60.91954023,1.0,87,1.0,0
2870,0.0,85.83333333,0.976190476,48,1.7,1
2871,0.018518519,78.05970149,0.962962963,67,1.7,1
2872,0.0,55.94594595,0.976190476,74,1.7,0
2873,0.0,29.64028777,0.9523809520000001,139,0.1,2
2874,0.0,60.89743589999999,0.979166667,78,0.1,0
2875,0.0,69.0,0.976190476,60,0.5,1
2876,0.0,77.46031746,0.96,63,0.5,1
2877,0.0,70.0,0.9523809520000001,58,1.0,1
2878,0.0,73.46666667,0.9464285709999999,75,0.1,1
2879,0.0,74.28571429,0.978723404,63,1.0,1
2880,0.018181818,46.05504587,0.854545455,109,1.0,2
2881,0.0,83.58208955,1.0,67,1.0,1
2882,0.01754386,39.77941176,0.771929825,136,1.3,2
2883,0.0,69.73684211,1.0,76,1.7,1
2884,0.0,88.88888889,1.0,63,1.7,1
2885,0.021276596000000002,54.11764706,0.978723404,85,1.0,0
2886,0.0,96.36363636,1.0,55,1.0,1
2887,0.018181818,85.08474576,0.854545455,59,0.9,1
2888,0.021276596000000002,78.11320755,0.8297872340000001,53,1.7,1
2889,0.0,90.0,1.0,60,0.1,1
2890,0.0,67.92112903,0.872340426,62,0.1,0
2891,0.018518519,98.14814815,0.981481481,54,0.1,1
2892,0.380952381,31.29244898,0.69047619,98,4.607499999999999,2
2894,0.634146341,46.66666667,0.39024390200000003,36,5.190243902439024,0
2896,0.666666667,48.14814815,0.256410256,27,6.824242424242423,0
2898,0.365853659,55.10204082,0.658536585,49,6.576315789473684,0
2900,0.0,61.84615385,0.975609756,65,2.2459459459459463,0
2904,0.463414634,62.7027027,0.5121951220000001,37,2.2324324324324327,0
2906,0.875,83.33333333,0.125,6,0.8891891891891891,1
2908,0.191489362,20.33653846,0.872340426,416,2.753333333333333,5
2909,0.35714285700000004,65.90909091,0.642857143,44,1.8,0
2910,0.020833333,64.92753623,0.791666667,69,3.0,0
2911,0.02173913,80.36363636,0.956521739,55,3.7,1
2912,0.0625,66.66666667,0.916666667,66,1.6191489361702132,0
2913,0.018518519,73.80281690000001,0.944444444,71,0.1,1
2914,0.020833333,38.0,0.75,115,5.0,2
2915,0.0,61.28205128,0.959183673,78,5.0,0
2916,0.021276596000000002,61.64383562,0.957446809,73,5.0,0
2917,0.0,71.66666667,0.958333333,66,5.0,1
2918,0.0,36.31067961,0.947368421,103,5.0,2
2920,0.0,59.21052632,1.0,76,0.1,0
2921,0.0,56.92307692,0.808510638,78,0.1,0
2922,0.0,62.53164557,0.830188679,79,1.0,0
2923,0.0,86.93877551,0.9767441859999999,49,0.9,1
2924,0.0,79.31034483,1.0,58,0.9,1
2925,0.0,67.64705882,0.957446809,68,0.9,0
2926,0.021276596000000002,88.46153846,0.978723404,52,0.1,1
2927,0.02173913,88.0,0.956521739,50,0.5,1
2928,0.020833333,45.68627451,0.958333333,102,5.0,2
2929,0.020833333,82.28070175,0.958333333,57,5.0,1
2930,0.0,84.55984127,0.981481481,63,1.0,1
2934,0.162162162,38.41463415,0.837837838,82,8.082857142857142,2
2935,0.02173913,58.97435897,1.0,78,2.9717391304347824,0
2936,0.8444444440000001,18.29268293,0.088888889,41,6.060975609756098,4
2937,0.978723404,20.0,0.0,2,2.9717391304347824,4
2938,0.191489362,56.33802817,0.85106383,71,3.091489361702128,0
2939,0.181818182,26.76056338,0.8636363640000001,142,3.543181818181817,2
2940,0.526315789,26.28571429,0.473684211,70,5.843243243243243,4
2941,0.869565217,19.9057377,0.10869565199999999,61,3.517777777777777,4
2944,0.869565217,57.14285714,0.17391304300000002,14,3.28695652173913,0
2947,0.069767442,79.32692308,0.953488372,52,5.748717948717947,1
2949,0.106382979,27.0,0.85106383,150,0.8955555555555557,2
2950,0.88372093,22.5,0.069767442,24,1.0390243902439027,4
2951,0.355555556,34.83870968,0.7111111109999999,93,1.025,2
2952,0.523809524,59.86486486,0.452380952,37,4.43243243243243,0
2955,0.558823529,43.33342857,0.441176471,35,4.62121212121212,4
2958,0.515151515,54.81481481,0.424242424,27,5.529032258064513,0
2959,0.318181818,38.35129032,0.75,93,1.81219512195122,2
2960,0.341463415,28.03738318,0.731707317,107,3.8707317073170717,2
2962,0.425,21.22807018,0.575,114,3.8210526315789455,2
2964,0.578947368,13.47872483,0.473684211,149,6.981081081081077,2
